Datetime,AQI
2021-01-02,54.0
2021-01-03,51.0
2021-01-04,54.0
2021-01-05,65.0
2021-01-06,54.0
2021-01-07,62.0
2021-01-08,57.0
2021-01-09,135.0
2021-01-10,134.0
2021-01-11,116.0
2021-01-12,64.0
2021-01-13,103.0
2021-01-14,87.0
2021-01-15,85.0
2021-01-16,77.0
2021-01-17,62.0
2021-01-18,58.0
2021-01-19,84.0
2021-01-20,100.0
2021-01-21,94.0
2021-01-22,51.0
2021-01-23,47.0
2021-01-24,51.0
2021-01-25,54.0
2021-01-26,53.0
2021-01-27,64.0
2021-01-28,100.0
2021-01-29,84.0
2021-01-30,63.0
2021-01-31,64.0
2021-02-01,59.0
2021-02-02,68.0
2021-02-03,73.0
2021-02-04,64.0
2021-02-05,74.0
2021-02-06,102.0
2021-02-07,119.0
2021-02-08,140.0
2021-02-09,87.0
2021-02-10,88.0
2021-02-11,87.0
2021-02-12,80.0
2021-02-13,60.0
2021-02-14,54.0
2021-02-15,55.0
2021-02-16,56.0
2021-02-17,73.0
2021-02-18,84.0
2021-02-19,80.0
2021-02-20,55.0
2021-02-21,49.0
2021-02-22,49.0
2021-02-23,56.0
2021-02-24,72.0
2021-02-25,68.0
2021-02-26,63.0
2021-02-27,69.0
2021-02-28,45.0
2021-03-01,41.0
2021-03-02,47.0
2021-03-03,68.0
2021-03-04,68.0
2021-03-05,71.0
2021-03-06,58.0
2021-03-07,98.0
2021-03-08,56.0
2021-03-09,78.0
2021-03-10,53.0
2021-03-11,45.0
2021-03-12,44.0
2021-03-13,74.0
2021-03-14,59.0
2021-03-15,63.0
2021-03-16,49.0
2021-03-17,50.0
2021-03-18,57.0
2021-03-19,80.0
2021-03-20,131.0
2021-03-21,98.0
2021-03-22,76.0
2021-03-23,79.0
2021-03-24,91.0
2021-03-25,129.0
2021-03-26,101.0
2021-03-27,65.0
2021-03-28,146.0
2021-03-29,187.0
2021-03-30,188.0
2021-03-31,174.0
2021-04-01,70.0
2021-04-02,61.0
2021-04-03,65.0
2021-04-04,53.0
2021-04-05,50.0
2021-04-06,47.0
2021-04-07,47.0
2021-04-08,46.0
2021-04-09,43.0
2021-04-10,52.0
2021-04-11,50.0
2021-04-12,47.0
2021-04-13,45.0
2021-04-14,56.0
2021-04-15,47.0
2021-04-16,44.0
2021-04-17,56.0
2021-04-18,42.0
2021-04-19,49.0
2021-04-20,49.0
2021-04-21,50.0
2021-04-22,43.0
2021-04-23,42.0
2021-04-24,45.0
2021-04-25,45.0
2021-04-26,51.0
2021-04-27,51.0
2021-04-28,49.0
2021-04-29,52.0
2021-04-30,44.0
2021-05-01,48.0
2021-05-02,42.0
2021-05-03,41.0
2021-05-04,44.0
2021-05-05,44.0
2021-05-06,48.0
2021-05-07,51.0
2021-05-08,57.0
2021-05-09,54.0
2021-05-10,46.0
2021-05-11,43.0
2021-05-12,46.0
2021-05-13,44.0
2021-05-14,45.0
2021-05-15,46.0
2021-05-16,49.0
2021-05-17,46.0
2021-05-18,47.0
2021-05-19,45.0
2021-05-20,48.0
2021-05-21,48.0
2021-05-22,42.0
2021-05-23,53.0
2021-05-24,62.0
2021-05-25,67.0
2021-05-26,60.0
2021-05-27,74.0
2021-05-28,76.0
2021-05-29,77.0
2021-05-30,67.0
2021-05-31,78.0
2021-06-01,81.0
2021-06-02,81.0
2021-06-03,68.0
2021-06-04,62.0
2021-06-05,62.0
2021-06-06,63.0
2021-06-07,65.0
2021-06-08,65.0
2021-06-09,68.0
2021-06-10,66.0
2021-06-11,62.0
2021-06-12,58.0
2021-06-13,46.0
2021-06-14,60.0
2021-06-15,66.0
2021-06-16,55.0
2021-06-17,63.0
2021-06-18,70.0
2021-06-19,74.0
2021-06-20,79.0
2021-06-21,79.0
2021-06-22,70.0
2021-06-23,81.0
2021-06-24,69.0
2021-06-25,68.0
2021-06-26,76.0
2021-06-27,59.0
2021-06-28,57.0
2021-06-29,66.0
2021-06-30,73.0
2021-07-01,71.0
2021-07-02,62.0
2021-07-03,48.0
2021-07-04,55.0
2021-07-05,62.0
2021-07-06,54.0
2021-07-07,53.0
2021-07-08,55.0
2021-07-09,50.0
2021-07-10,48.0
2021-07-11,44.0
2021-07-12,40.0
2021-07-13,52.0
2021-07-14,59.0
2021-07-15,55.0
2021-07-16,48.0
2021-07-17,50.0
2021-07-18,50.0
2021-07-19,47.0
2021-07-20,46.0
2021-07-21,50.0
2021-07-22,49.0
2021-07-23,47.0
2021-07-24,45.0
2021-07-25,45.0
2021-07-26,43.0
2021-07-27,52.0
2021-07-28,54.0
2021-07-29,52.0
2021-07-30,49.0
2021-07-31,54.0
2021-08-01,50.0
2021-08-02,46.0
2021-08-03,48.0
2021-08-04,46.0
2021-08-05,47.0
2021-08-06,47.0
2021-08-07,49.0
2021-08-08,51.0
2021-08-09,92.0
2021-08-10,62.0
2021-08-11,55.0
2021-08-12,50.0
2021-08-13,49.0
2021-08-14,52.0
2021-08-15,52.0
2021-08-16,55.0
2021-08-17,57.0
2021-08-18,54.0
2021-08-19,53.0
2021-08-20,49.0
2021-08-21,47.0
2021-08-22,45.0
2021-08-23,52.0
2021-08-24,58.0
2021-08-25,55.0
2021-08-26,56.0
2021-08-27,51.0
2021-08-28,50.0
2021-08-29,51.0
2021-08-30,58.0
2021-08-31,67.0
2021-09-01,63.0
2021-09-02,58.0
2021-09-03,53.0
2021-09-04,54.0
2021-09-05,52.0
2021-09-06,49.0
2021-09-07,48.0
2021-09-08,49.0
2021-09-09,48.0
2021-09-10,50.0
2021-09-11,51.0
2021-09-12,49.0
2021-09-13,48.0
2021-09-14,47.0
2021-09-15,48.0
2021-09-16,53.0
2021-09-17,51.0
2021-09-18,53.0
2021-09-19,51.0
2021-09-20,53.0
2021-09-21,50.0
2021-09-22,53.0
2021-09-23,55.0
2021-09-24,51.0
2021-09-25,50.0
2021-09-26,49.0
2021-09-27,55.0
2021-09-28,49.0
2021-09-29,48.0
2021-09-30,53.0
2021-10-01,49.0
2021-10-02,46.0
2021-10-03,45.0
2021-10-04,46.0
2021-10-05,50.0
2021-10-06,51.0
2021-10-07,51.0
2021-10-08,53.0
2021-10-09,49.0
2021-10-10,50.0
2021-10-11,48.0
2021-10-12,51.0
2021-10-13,48.0
2021-10-14,49.0
2021-10-15,49.0
2021-10-16,50.0
2021-10-17,49.0
2021-10-18,50.0
2021-10-19,58.0
2021-10-20,62.0
2021-10-21,54.0
2021-10-22,45.0
2021-10-23,44.0
2021-10-24,50.0
2021-10-25,46.0
2021-10-26,64.0
2021-10-27,75.0
2021-10-28,72.0
2021-10-29,63.0
2021-10-30,56.0
2021-10-31,57.0
2021-11-01,55.0
2021-11-02,51.0
2021-11-03,53.0
2021-11-04,85.0
2021-11-05,191.0
2021-11-06,77.0
2021-11-07,84.0
2021-11-08,77.0
2021-11-09,62.0
2021-11-10,59.0
2021-11-11,72.0
2021-11-12,58.0
2021-11-13,63.0
2021-11-14,72.0
2021-11-15,63.0
2021-11-16,61.0
2021-11-17,51.0
2021-11-18,58.0
2021-11-19,53.0
2021-11-20,54.0
2021-11-21,56.0
2021-11-22,52.0
2021-11-23,54.0
2021-11-24,52.0
2021-11-25,49.0
2021-11-26,49.0
2021-11-27,63.0
2021-11-28,70.0
2021-11-29,62.0
2021-11-30,54.0
2021-12-01,61.0
2021-12-02,79.0
2021-12-03,68.0
2021-12-04,82.0
2021-12-05,91.0
2021-12-06,93.0
2021-12-07,76.0
2021-12-08,70.0
2021-12-09,56.0
2021-12-10,56.0
2021-12-11,54.0
2021-12-12,53.0
2021-12-13,53.0
2021-12-14,53.0
2021-12-15,58.0
2021-12-16,63.0
2021-12-17,70.0
2021-12-18,84.0
2021-12-19,83.0
2021-12-20,73.0
2021-12-21,93.0
2021-12-22,89.0
2021-12-23,78.0
2021-12-24,61.0
2021-12-25,77.0
2021-12-26,73.0
2021-12-27,77.0
2021-12-28,69.0
2021-12-29,63.0
2021-12-30,60.0
2021-12-31,104.0
2022-01-01,76.0
2022-01-02,76.0
2022-01-03,68.0
2022-01-04,58.0
2022-01-05,59.0
2022-01-06,56.0
2022-01-07,54.0
2022-01-08,53.0
2022-01-09,54.0
2022-01-10,56.0
2022-01-11,57.0
2022-01-12,54.0
2022-01-13,53.0
2022-01-14,48.0
2022-01-15,51.0
2022-01-16,61.0
2022-01-17,54.0
2022-01-18,58.0
2022-01-19,56.0
2022-01-20,61.0
2022-01-21,61.0
2022-01-22,61.0
2022-01-23,58.0
2022-01-24,56.0
2022-01-25,58.0
2022-01-26,55.0
2022-01-27,59.0
2022-01-28,52.0
2022-01-29,67.0
2022-01-30,83.0
2022-01-31,86.0
2022-02-01,71.0
2022-02-02,59.0
2022-02-03,56.0
2022-02-04,55.0
2022-02-05,57.0
2022-02-06,61.0
2022-02-07,60.0
2022-02-08,57.0
2022-02-09,58.0
2022-02-10,59.0
2022-02-11,54.0
2022-02-12,53.0
2022-02-13,55.0
2022-02-14,70.0
2022-02-15,57.0
2022-02-16,59.0
2022-02-17,55.0
2022-02-18,52.0
2022-02-19,54.0
2022-02-20,66.0
2022-02-21,61.0
2022-02-22,55.0
2022-02-23,52.0
2022-02-24,53.0
2022-02-25,57.0
2022-02-26,66.0
2022-02-27,53.0
2022-02-28,54.0
2022-03-01,58.0
2022-03-02,61.0
2022-03-03,60.0
2022-03-04,60.0
2022-03-05,60.0
2022-03-06,57.0
2022-03-07,54.0
2022-03-08,56.0
2022-03-09,57.0
2022-03-10,58.0
2022-03-11,56.0
2022-03-12,57.0
2022-03-13,57.0
2022-03-14,58.0
2022-03-15,59.0
2022-03-16,66.0
2022-03-17,77.0
2022-03-18,67.0
2022-03-19,61.0
2022-03-20,60.0
2022-03-21,58.0
2022-03-22,60.0
2022-03-23,58.0
2022-03-24,56.0
2022-03-25,53.0
2022-03-26,52.0
2022-03-27,54.0
2022-03-28,53.0
2022-03-29,52.0
2022-03-30,52.0
2022-03-31,51.0
2022-04-01,51.0
2022-04-02,54.0
2022-04-03,59.0
2022-04-04,53.0
2022-04-05,57.0
2022-04-06,46.0
2022-04-07,43.0
2022-04-08,43.0
2022-04-09,52.0
2022-04-10,51.0
2022-04-11,47.0
2022-04-12,47.0
2022-04-13,45.0
2022-04-14,46.0
2022-04-15,45.0
2022-04-16,50.0
2022-04-17,78.0
2022-04-18,52.0
2022-04-19,46.0
2022-04-20,43.0
2022-04-21,46.0
2022-04-22,61.0
2022-04-23,56.0
2022-04-24,55.0
2022-04-25,66.0
2022-04-26,71.0
2022-04-27,70.0
2022-04-28,64.0
2022-04-29,69.0
2022-04-30,161.0
2022-05-01,102.0
2022-05-02,134.0
2022-05-03,65.0
2022-05-04,57.0
2022-05-05,73.0
2022-05-06,66.0
2022-05-07,68.0
2022-05-08,86.0
2022-05-09,84.0
2022-05-10,91.0
2022-05-11,70.0
2022-05-12,64.0
2022-05-13,63.0
2022-05-14,72.0
2022-05-15,84.0
2022-05-16,78.0
2022-05-17,60.0
2022-05-18,57.0
2022-05-19,59.0
2022-05-20,60.0
2022-05-21,73.0
2022-05-22,66.0
2022-05-23,60.0
2022-05-24,56.0
2022-05-25,66.0
2022-05-26,73.0
2022-05-27,66.0
2022-05-28,68.0
2022-05-29,67.0
2022-05-30,69.0
2022-05-31,71.0
2022-06-01,71.0
2022-06-02,71.0
2022-06-03,73.0
2022-06-04,136.0
2022-06-05,162.0
2022-06-06,153.0
2022-06-07,92.0
2022-06-08,78.0
2022-06-09,77.0
2022-06-10,82.0
2022-06-11,82.0
2022-06-12,73.0
2022-06-13,68.0
2022-06-14,64.0
2022-06-15,65.0
2022-06-16,60.0
2022-06-17,69.0
2022-06-18,67.0
2022-06-19,65.0
2022-06-20,73.0
2022-06-21,83.0
2022-06-22,154.0
2022-06-23,137.0
2022-06-24,85.0
2022-06-25,84.0
2022-06-26,68.0
2022-06-27,65.0
2022-06-28,81.0
2022-06-29,98.0
2022-06-30,77.0
2022-07-01,78.0
2022-07-02,77.0
2022-07-03,74.0
2022-07-04,88.0
2022-07-05,82.0
2022-07-06,101.0
2022-07-07,97.0
2022-07-08,86.0
2022-07-09,84.0
2022-07-10,78.0
2022-07-11,209.0
2022-07-12,153.0
2022-07-13,83.0
2022-07-14,80.0
2022-07-15,81.0
2022-07-16,90.0
2022-07-17,77.0
2022-07-18,89.0
2022-07-19,87.0
2022-07-20,81.0
2022-07-21,68.0
2022-07-22,81.0
2022-07-23,74.0
2022-07-24,79.0
2022-07-25,86.0
2022-07-26,80.0
2022-07-27,81.0
2022-07-28,68.0
2022-07-29,77.0
2022-07-30,75.0
2022-07-31,79.0
2022-08-01,76.0
2022-08-02,76.0
2022-08-03,84.0
2022-08-04,78.0
2022-08-05,80.0
2022-08-06,79.0
2022-08-07,81.0
2022-08-08,73.0
2022-08-09,72.0
2022-08-10,68.0
2022-08-11,74.0
2022-08-12,73.0
2022-08-13,64.0
2022-08-14,70.0
2022-08-15,63.0
2022-08-16,61.0
2022-08-17,79.0
2022-08-18,73.0
2022-08-19,71.0
2022-08-20,76.0
2022-08-21,70.0
2022-08-22,64.0
2022-08-23,72.0
2022-08-24,76.0
2022-08-25,85.0
2022-08-26,81.0
2022-08-27,80.0
2022-08-28,81.0
2022-08-29,69.0
2022-08-30,109.0
2022-08-31,227.0
2022-09-01,205.0
2022-09-02,79.0
2022-09-03,74.0
2022-09-04,78.0
2022-09-05,72.0
2022-09-06,70.0
2022-09-07,84.0
2022-09-08,94.0
2022-09-09,104.0
2022-09-10,89.0
2022-09-11,82.0
2022-09-12,83.0
2022-09-13,85.0
2022-09-14,78.0
2022-09-15,88.0
2022-09-16,102.0
2022-09-17,83.0
2022-09-18,81.0
2022-09-19,75.0
2022-09-20,86.0
2022-09-21,87.0
2022-09-22,78.0
2022-09-23,79.0
2022-09-24,74.0
2022-09-25,72.0
2022-09-26,86.0
2022-09-27,98.0
2022-09-28,113.0
2022-09-29,103.0
2022-09-30,110.0
2022-10-01,107.0
2022-10-02,116.0
2022-10-03,99.0
2022-10-04,97.0
2022-10-05,109.0
2022-10-06,204.0
2022-10-07,250.0
2022-10-08,168.0
2022-10-09,94.0
2022-10-10,92.0
2022-10-11,92.0
2022-10-12,84.0
2022-10-13,82.0
2022-10-14,80.0
2022-10-15,76.0
2022-10-16,78.0
2022-10-17,88.0
2022-10-18,93.0
2022-10-19,87.0
2022-10-20,98.0
2022-10-21,100.0
2022-10-22,85.0
2022-10-23,124.0
2022-10-24,283.0
2022-10-25,363.0
2022-10-26,185.0
2022-10-27,132.0
2022-10-28,85.0
2022-10-29,91.0
2022-10-30,85.0
2022-10-31,95.0
2022-11-01,96.0
2022-11-02,101.0
2022-11-03,100.0
2022-11-04,102.0
2022-11-05,107.0
2022-11-06,84.0
2022-11-07,153.0
2022-11-08,110.0
2022-11-09,101.0
2022-11-10,101.0
2022-11-11,79.0
2022-11-12,75.0
2022-11-13,79.0
2022-11-14,97.0
2022-11-15,115.0
2022-11-16,147.0
2022-11-17,180.0
2022-11-18,214.0
2022-11-19,153.0
2022-11-20,116.0
2022-11-21,106.0
2022-11-22,94.0
2022-11-23,90.0
2022-11-24,113.0
2022-11-25,119.0
2022-11-26,95.0
2022-11-27,109.0
2022-11-28,126.0
2022-11-29,170.0
2022-11-30,157.0
2022-12-01,151.0
2022-12-02,100.0
2022-12-03,78.0
2022-12-04,71.0
2022-12-05,122.0
2022-12-06,193.0
2022-12-07,229.0
2022-12-08,209.0
2022-12-09,134.0
2022-12-10,75.0
2022-12-11,89.0
2022-12-12,103.0
2022-12-13,108.0
2022-12-14,108.0
2022-12-15,102.0
2022-12-16,106.0
2022-12-17,124.0
2022-12-18,138.0
2022-12-19,98.0
2022-12-20,117.0
2022-12-21,119.0
2022-12-22,126.0
2022-12-23,170.0
2022-12-24,189.0
2022-12-25,97.0
2022-12-26,66.0
2022-12-27,83.0
2022-12-28,108.0
2022-12-29,106.0
2022-12-30,94.0
2022-12-31,99.0
2023-01-01,127.0
2023-01-02,99.0
2023-01-03,105.0
2023-01-04,118.0
2023-01-05,88.0
2023-01-06,105.0
2023-01-07,113.0
2023-01-08,160.0
2023-01-09,144.0
2023-01-10,129.0
2023-01-11,126.0
2023-01-12,117.0
2023-01-13,122.0
2023-01-14,212.0
2023-01-15,133.0
2023-01-16,87.0
2023-01-17,83.0
2023-01-18,108.0
2023-01-19,113.0
2023-01-20,128.0
2023-01-21,128.0
2023-01-22,113.0
2023-01-23,106.0
2023-01-24,88.0
2023-01-25,107.0
2023-01-26,164.0
2023-01-27,143.0
2023-01-28,121.0
2023-01-29,131.0
2023-01-30,100.0
2023-01-31,96.0
2023-02-01,110.0
2023-02-02,88.0
2023-02-03,104.0
2023-02-04,106.0
2023-02-05,130.0
2023-02-06,110.0
2023-02-07,102.0
2023-02-08,104.0
2023-02-09,110.0
2023-02-10,109.0
2023-02-11,113.0
2023-02-12,150.0
2023-02-13,152.0
2023-02-14,133.0
2023-02-15,118.0
2023-02-16,125.0
2023-02-17,143.0
2023-02-18,146.0
2023-02-19,109.0
2023-02-20,98.0
2023-02-21,109.0
2023-02-22,105.0
2023-02-23,114.0
2023-02-24,89.0
2023-02-25,97.0
2023-02-26,109.0
2023-02-27,89.0
2023-02-28,82.0
2023-03-01,79.0
2023-03-02,93.0
2023-03-03,111.0
2023-03-04,121.0
2023-03-05,97.0
2023-03-06,86.0
2023-03-07,82.0
2023-03-08,75.0
2023-03-09,81.0
2023-03-10,86.0
2023-03-11,105.0
2023-03-12,87.0
2023-03-13,80.0
2023-03-14,90.0
2023-03-15,109.0
2023-03-16,89.0
2023-03-17,79.0
2023-03-18,69.0
2023-03-19,65.0
2023-03-20,68.0
2023-03-21,68.0
2023-03-22,65.0
2023-03-23,71.0
2023-03-24,77.0
2023-03-25,60.0
2023-03-26,59.0
2023-03-27,61.0
2023-03-28,73.0
2023-03-29,75.0
2023-03-30,87.0
2023-03-31,92.0
2023-04-01,125.0
2023-04-02,90.0
2023-04-03,91.0
2023-04-04,82.0
2023-04-05,74.0
2023-04-06,77.0
2023-04-07,85.0
2023-04-08,100.0
2023-04-09,101.0
2023-04-10,97.0
2023-04-11,109.0
2023-04-12,125.0
2023-04-13,122.0
2023-04-14,115.0
2023-04-15,101.0
2023-04-16,90.0
2023-04-17,101.0
2023-04-18,97.0
2023-04-19,108.0
2023-04-20,99.0
2023-04-21,86.0
2023-04-22,90.0
2023-04-23,84.0
2023-04-24,97.0
2023-04-25,92.0
2023-04-26,105.0
2023-04-27,109.0
2023-04-28,113.0
2023-04-29,92.0
2023-04-30,90.0
2023-05-01,96.0
2023-05-02,101.0
2023-05-03,132.0
2023-05-04,122.0
2023-05-05,112.0
2023-05-06,127.0
2023-05-07,115.0
2023-05-08,119.0
2023-05-09,115.0
2023-05-10,107.0
2023-05-11,105.0
2023-05-12,161.0
2023-05-13,119.0
2023-05-14,130.0
2023-05-15,121.0
2023-05-16,113.0
2023-05-17,121.0
2023-05-18,84.0
2023-05-19,183.0
2023-05-20,112.0
2023-05-21,97.0
2023-05-22,87.0
2023-05-23,82.0
2023-05-24,101.0
2023-05-25,104.0
2023-05-26,103.0
2023-05-27,144.0
2023-05-28,93.0
2023-05-29,84.0
2023-05-30,92.0
2023-05-31,101.0
2023-06-01,111.0
2023-06-02,145.0
2023-06-03,123.0
2023-06-04,117.0
2023-06-05,121.0
2023-06-06,124.0
2023-06-07,90.0
2023-06-08,94.0
2023-06-09,94.0
2023-06-10,114.0
2023-06-11,91.0
2023-06-12,91.0
2023-06-13,108.0
2023-06-14,102.0
2023-06-15,102.0
2023-06-16,126.0
2023-06-17,92.0
2023-06-18,85.0
2023-06-19,124.0
2023-06-20,110.0
2023-06-21,88.0
2023-06-22,101.0
2023-06-23,106.0
2023-06-24,110.0
2023-06-25,94.0
2023-06-26,91.0
2023-06-27,85.0
2023-06-28,88.0
2023-06-29,119.0
2023-06-30,95.0
2023-07-01,90.0
2023-07-02,84.0
2023-07-03,82.0
2023-07-04,91.0
2023-07-05,100.0
2023-07-06,94.0
2023-07-07,123.0
2023-07-08,103.0
2023-07-09,86.0
2023-07-10,89.0
2023-07-11,98.0
2023-07-12,101.0
2023-07-13,149.0
2023-07-14,130.0
2023-07-15,137.0
2023-07-16,120.0
2023-07-17,121.0
2023-07-18,134.0
2023-07-19,146.0
2023-07-20,143.0
2023-07-21,130.0
2023-07-22,115.0
2023-07-23,97.0
2023-07-24,123.0
2023-07-25,137.0
2023-07-26,113.0
2023-07-27,103.0
2023-07-28,153.0
2023-07-29,124.0
2023-07-30,93.0
2023-07-31,98.0
2023-08-01,120.0
2023-08-02,127.0
2023-08-03,106.0
2023-08-04,95.0
2023-08-05,92.0
2023-08-06,82.0
2023-08-07,75.0
2023-08-08,75.0
2023-08-09,95.0
2023-08-10,99.0
2023-08-11,81.0
2023-08-12,94.0
2023-08-13,96.0
2023-08-14,83.0
2023-08-15,88.0
2023-08-16,86.0
2023-08-17,87.0
2023-08-18,83.0
2023-08-19,81.0
2023-08-20,97.0
2023-08-21,75.0
2023-08-22,94.0
2023-08-23,104.0
2023-08-24,103.0
2023-08-25,83.0
2023-08-26,80.0
2023-08-27,99.0
2023-08-28,90.0
2023-08-29,105.0
2023-08-30,115.0
2023-08-31,107.0
2023-09-01,95.0
2023-09-02,112.0
2023-09-03,89.0
2023-09-04,117.0
2023-09-05,123.0
2023-09-06,87.0
2023-09-07,112.0
2023-09-08,89.0
2023-09-09,98.0
2023-09-10,108.0
2023-09-11,97.0
2023-09-12,92.0
2023-09-13,107.0
2023-09-14,112.0
2023-09-15,106.0
2023-09-16,97.0
2023-09-17,90.0
2023-09-18,89.0
2023-09-19,101.0
2023-09-20,112.0
2023-09-21,129.0
2023-09-22,90.0
2023-09-23,85.0
2023-09-24,92.0
2023-09-25,108.0
2023-09-26,110.0
2023-09-27,138.0
2023-09-28,138.0
2023-09-29,130.0
2023-09-30,106.0
2023-10-01,115.0
2023-10-02,96.0
2023-10-03,114.0
2023-10-04,110.0
2023-10-05,106.0
2023-10-06,120.0
2023-10-07,93.0
2023-10-08,93.0
2023-10-09,88.0
2023-10-10,100.0
2023-10-11,115.0
2023-10-12,114.0
2023-10-13,121.0
2023-10-14,144.0
2023-10-15,128.0
2023-10-16,141.0
2023-10-17,136.0
2023-10-18,178.0
2023-10-19,189.0
2023-10-20,159.0
2023-10-21,147.0
2023-10-22,117.0
2023-10-23,150.0
2023-10-24,172.0
2023-10-25,169.0
2023-10-26,156.0
2023-10-27,149.0
2023-10-28,136.0
2023-10-29,127.0
2023-10-30,150.0
2023-10-31,173.0
2023-11-01,158.0
2023-11-02,142.0
2023-11-03,159.0
2023-11-04,145.0
2023-11-05,62.0
2023-11-06,77.0
2023-11-07,130.0
2023-11-08,93.0
2023-11-09,108.0
2023-11-10,118.0
2023-11-11,110.0
2023-11-12,197.0
2023-11-13,336.0
2023-11-14,150.0
2023-11-15,121.0
2023-11-16,137.0
2023-11-17,102.0
2023-11-18,97.0
2023-11-19,92.0
2023-11-20,87.0
2023-11-21,112.0
2023-11-22,109.0
2023-11-23,108.0
2023-11-24,96.0
2023-11-25,91.0
2023-11-26,97.0
2023-11-27,93.0
2023-11-28,74.0
2023-11-29,114.0
2023-11-30,92.0
2023-12-01,105.0
2023-12-02,82.0
2023-12-03,69.0
2023-12-04,95.0
2023-12-05,119.0
2023-12-06,125.0
2023-12-07,127.0
2023-12-08,125.0
2023-12-09,124.0
2023-12-10,121.0
2023-12-11,127.0
2023-12-12,123.0
2023-12-13,132.0
2023-12-14,111.0
2023-12-15,137.0
2023-12-16,96.0
2023-12-17,85.0
2023-12-18,72.0
2023-12-19,92.0
2023-12-20,98.0
2023-12-21,119.0
2023-12-22,138.0
2023-12-23,130.0
2023-12-24,110.0
2023-12-25,88.0
2023-12-26,104.0
2023-12-27,106.0
2023-12-28,89.0
2023-12-29,78.0
2023-12-30,101.0
2023-12-31,115.0
2024-01-01,125.0
2024-01-02,127.0
2024-01-03,144.0
2024-01-04,159.0
2024-01-05,114.0
2024-01-06,109.0
2024-01-07,108.0
2024-01-08,198.0
2024-01-09,115.0
2024-01-10,123.0
2024-01-11,149.0
2024-01-12,139.0
2024-01-13,164.0
2024-01-14,248.0
2024-01-15,233.0
2024-01-16,166.0
2024-01-17,137.0
2024-01-18,104.0
2024-01-19,119.0
2024-01-20,104.0
2024-01-21,112.0
2024-01-22,129.0
2024-01-23,199.0
2024-01-24,206.0
2024-01-25,207.0
2024-01-26,207.0
2024-01-27,189.0
2024-01-28,183.0
2024-01-29,198.0
2024-01-30,201.0
2024-01-31,193.0
2024-02-01,132.0
2024-02-02,106.0
2024-02-03,141.0
2024-02-04,152.0
2024-02-05,149.0
2024-02-06,134.0
2024-02-07,146.0
2024-02-08,123.0
2024-02-09,134.0
2024-02-10,129.0
2024-02-11,177.0
2024-02-12,136.0
2024-02-13,96.0
2024-02-14,90.0
2024-02-15,110.0
2024-02-16,118.0
2024-02-17,111.0
2024-02-18,99.0
2024-02-19,101.0
2024-02-20,104.0
2024-02-21,113.0
2024-02-22,100.0
2024-02-23,88.0
2024-02-24,93.0
2024-02-25,91.0
2024-02-26,81.0
2024-02-27,97.0
2024-02-28,83.0
2024-02-29,93.0
2024-03-01,95.0
2024-03-02,119.0
2024-03-03,119.0
2024-03-04,86.0
2024-03-05,71.0
2024-03-06,84.0
2024-03-07,93.0
2024-03-08,90.0
2024-03-09,92.0
2024-03-10,94.0
2024-03-11,89.0
2024-03-12,90.0
2024-03-13,85.0
2024-03-14,101.0
2024-03-15,103.0
2024-03-16,89.0
2024-03-17,93.0
2024-03-18,99.0
2024-03-19,101.0
2024-03-20,100.0
2024-03-21,94.0
2024-03-22,104.0
2024-03-23,99.0
2024-03-24,88.0
2024-03-25,93.0
2024-03-26,93.0
2024-03-27,94.0
2024-03-28,90.0
2024-03-29,90.0
2024-03-30,91.0
2024-03-31,98.0
2024-04-01,91.0
2024-04-02,94.0
2024-04-03,96.0
2024-04-04,101.0
2024-04-05,95.0
2024-04-06,88.0
2024-04-07,91.0
2024-04-08,89.0
2024-04-09,94.0
2024-04-10,95.0
2024-04-11,91.0
2024-04-12,92.0
2024-04-13,96.0
2024-04-14,92.0
2024-04-15,81.0
2024-04-16,90.0
2024-04-17,83.0
2024-04-18,87.0
2024-04-19,87.0
2024-04-20,86.0
2024-04-21,93.0
2024-04-22,85.0
2024-04-23,93.0
2024-04-24,87.0
2024-04-25,88.0
2024-04-26,89.0
2024-04-27,78.0
2024-04-28,80.0
2024-04-29,75.0
2024-04-30,76.0
2024-05-01,96.0
2024-05-02,102.0
2024-05-03,95.0
2024-05-04,108.0
2024-05-05,90.0
2024-05-06,88.0
2024-05-07,99.0
2024-05-08,100.0
2024-05-09,93.0
2024-05-10,91.0
2024-05-11,90.0
2024-05-12,85.0
2024-05-13,93.0
2024-05-14,94.0
2024-05-15,99.0
2024-05-16,98.0
2024-05-17,82.0
2024-05-18,98.0
2024-05-19,83.0
2024-05-20,85.0
2024-05-21,84.0
2024-05-22,78.0
2024-05-23,100.0
2024-05-24,84.0
2024-05-25,83.0
2024-05-26,80.0
2024-05-27,81.0
2024-05-28,95.0
2024-05-29,99.0
2024-05-30,90.0
2024-05-31,84.0
2024-06-01,84.0
2024-06-02,81.0
2024-06-03,80.0
2024-06-04,83.0
2024-06-05,83.0
2024-06-06,79.0
2024-06-07,80.0
2024-06-08,84.0
2024-06-09,81.0
2024-06-10,84.0
2024-06-11,83.0
2024-06-12,84.0
2024-06-13,86.0
2024-06-14,77.0
2024-06-15,81.0
2024-06-16,94.0
2024-06-17,82.0
2024-06-18,70.0
2024-06-19,74.0
2024-06-20,78.0
2024-06-21,81.0
2024-06-22,83.0
2024-06-23,81.0
2024-06-24,82.0
2024-06-25,83.0
2024-06-26,83.0
2024-06-27,82.0
2024-06-28,82.0
2024-06-29,86.0
2024-06-30,121.0
2024-07-01,89.0
2024-07-02,79.0
2024-07-03,79.0
2024-07-04,77.0
2024-07-05,78.0
2024-07-06,83.0
2024-07-07,80.0
2024-07-08,80.0
2024-07-09,89.0
2024-07-10,86.0
2024-07-11,83.0
2024-07-12,107.0
2024-07-13,92.0
2024-07-14,92.0
2024-07-15,99.0
2024-07-16,88.0
2024-07-17,122.0
2024-07-18,95.0
2024-07-19,120.0
2024-07-20,106.0
2024-07-21,160.0
2024-07-22,130.0
2024-07-23,157.0
2024-07-24,112.0
2024-07-25,95.0
2024-07-26,131.0
2024-07-27,131.0
2024-07-28,132.0
2024-07-29,158.0
2024-07-30,137.0
2024-07-31,146.0
2024-08-01,143.0
2024-08-02,156.0
2024-08-03,162.0
2024-08-04,118.0
2024-08-05,163.0
2024-08-06,151.0
2024-08-07,140.0
2024-08-08,130.0
2024-08-09,128.0
2024-08-10,160.0
2024-08-11,129.0
2024-08-12,158.0
2024-08-13,178.0
2024-08-14,193.0
2024-08-15,181.0
2024-08-16,195.0
2024-08-17,217.0
2024-08-18,228.0
2024-08-19,203.0
2024-08-20,163.0
2024-08-21,136.0
2024-08-22,86.0
2024-08-23,63.0
2024-08-24,58.0
2024-08-25,59.0
2024-08-26,59.0
2024-08-27,46.0
2024-08-28,30.0
2024-08-29,27.0
2024-08-30,27.0
2024-08-31,25.0
2024-09-01,21.0
2024-09-02,20.0
2024-09-03,24.0
2024-09-04,32.0
2024-09-05,24.0
2024-09-06,27.0
2024-09-07,41.0
2024-09-08,23.0
2024-09-09,25.0
2024-09-10,21.0
2024-09-11,28.0
2024-09-12,33.0
2024-09-13,28.0
2024-09-14,24.0
2024-09-15,20.0
2024-09-16,19.0
2024-09-17,22.0
2024-09-18,27.0
2024-09-19,31.0
2024-09-20,41.0
2024-09-21,40.0
2024-09-22,43.0
2024-09-23,42.0
2024-09-24,53.0
2024-09-25,55.0
2024-09-26,55.0
2024-09-27,44.0
2024-09-28,56.0
2024-09-29,45.0
2024-09-30,42.0
2024-10-01,51.0
2024-10-02,61.0
2024-10-03,69.0
2024-10-04,60.0
2024-10-05,51.0
2024-10-06,60.0
2024-10-07,54.0
2024-10-08,51.0
2024-10-09,70.0
2024-10-10,68.0
2024-10-11,73.0
2024-10-12,50.0
2024-10-13,40.0
2024-10-14,46.0
2024-10-15,39.0
2024-10-16,37.0
2024-10-17,53.0
2024-10-18,82.0
2024-10-19,82.0
2024-10-20,71.0
2025-03-23,71.0
